{
  "primary": {
    "accuracy": 0.9778904323890809,
    "precision": 0.9800984233934078,
    "recall": 0.9778904323890809,
    "f1": 0.978514261296855,
    "roc_auc": 0.9954117771030646,
    "confusion_matrix": [
      [
        88158,
        1878
      ],
      [
        355,
        10606
      ]
    ],
    "fn_rate": 0.03238755587993796
  },
  "kaggle": {
    "accuracy": 0.804382877517646,
    "precision": 0.7804653154008236,
    "recall": 0.804382877517646,
    "f1": 0.7892441814822262
  }
}