{
  "primary": {
    "accuracy": 0.755477885481747,
    "precision": 0.8773475647705767,
    "recall": 0.755477885481747,
    "phish_recall": 0.6859775567922635,
    "f1": 0.7968640643239203,
    "roc_auc": 0.8045475329316013,
    "confusion_matrix": [
      [
        68782,
        21254
      ],
      [
        3442,
        7519
      ]
    ],
    "fn_rate": 0.31402244320773653
  },
  "kaggle": {
    "accuracy": 0.7948025139119211,
    "precision": 0.7357223238782847,
    "recall": 0.7948025139119211,
    "f1": 0.7539688555823182
  }
}