{
  "primary": {
    "accuracy": 0.9964949453944176,
    "precision": 0.9964947308630837,
    "recall": 0.9964949453944176,
    "phish_recall": 0.992495839743791,
    "f1": 0.9964930970764279,
    "roc_auc": 0.9992249874473199,
    "confusion_matrix": [
      [
        69033,
        115
      ],
      [
        239,
        31610
      ]
    ],
    "fn_rate": 0.0075041602562089865
  },
  "kaggle": {
    "accuracy": 0.202800001531939,
    "precision": 0.7900717113118073,
    "recall": 0.202800001531939,
    "f1": 0.1033683053181132
  }
}